Topic,Group ID,Documents,Words
Topic 00,1978,0.18277282437803843,12.562159193339138
Topic 00,1979,0.6093211754920448,39.99258460477704
Topic 00,1980,0.4408388479841481,13.852361799435725
Topic 00,1981,0.6029429750990116,30.992190274675313
Topic 00,1982,0.9674798820978688,85.04043033320922
Topic 00,1983,1.0673707916292792,25.625335199735076
Topic 00,1984,1.3613517118277723,76.60747804235854
Topic 00,1985,0.31085016645259167,20.77728079872208
Topic 00,1986,0.5408061067745853,34.452485978734515
Topic 00,1987,0.8403335936647617,39.735310624426205
Topic 00,1988,0.3103263205190992,27.44122650267947
Topic 00,1989,0.7636872897666416,55.675726313112726
Topic 00,1990,0.5427619986423566,23.382108206162908
Topic 00,1991,1.1704273327300971,78.00311143208211
Topic 00,1992,0.23126499755990088,12.759530706069771
Topic 00,1993,0.18776695224037354,15.634734237673527
Topic 00,1994,0.0807515134244306,7.198344201077734
Topic 00,1995,0.4114461297594081,36.32516016151034
Topic 00,1996,0.3435179552490214,22.380971638646955
Topic 00,1997,0.7033762457414767,60.64661831290359
Topic 00,1998,1.1514201895416485,52.7420376678138
Topic 00,1999,3.170649801923281,171.04958048233553
Topic 00,2000,1.8617112754666338,98.57410693088262
Topic 00,2001,2.2695649128529407,186.54652504278232
Topic 00,2002,1.8045612774585345,97.07040964333846
Topic 00,2003,2.34041139892084,218.29333062700192
Topic 00,2004,1.2082199880833007,129.74534406341903
Topic 00,2005,2.3227672657101834,221.44269081556928
Topic 00,2006,1.2918754480151888,124.73336607175035
Topic 00,2007,2.7972809517313286,338.4318041190199
Topic 00,2008,2.6157268412372443,216.83908227149357
Topic 01,1978,0.1922742434902554,10.501845437601023
Topic 01,1979,0.07492946833074274,5.2918894752124395
Topic 01,1980,0.0701125966410264,5.450333181696862
Topic 01,1981,0.007768722118862423,0.3912389060110522
Topic 01,1982,0.6549331319728101,48.544727398128096
Topic 01,1983,0.31172002580172614,30.866027516788336
Topic 01,1984,0.011677934691347274,0.581775696713617
Topic 01,1985,0.32773760945321306,26.345512735994078
Topic 01,1986,0.25919719910814343,26.01939552817469
Topic 01,1987,0.0064434696273768305,0.46784621755096
Topic 01,1988,0.22974916096737297,13.362080120926393
Topic 01,1989,0.23949166205447298,14.66287067289499
Topic 01,1990,0.1675385184159993,7.362311518336837
Topic 01,1991,0.6483912020019218,63.55187851096141
Topic 01,1992,1.2484507216365879,78.83362965006279
Topic 01,1993,1.0661756454651428,106.04404663606387
Topic 01,1994,0.556303113669595,44.384974455515035
Topic 01,1995,0.28459424514989823,21.49040140990148
Topic 01,1996,1.1912106501959427,120.61646868404843
Topic 01,1997,1.7864050878792732,132.2230113092981
Topic 01,1998,2.4507535839916126,222.13022534276055
Topic 01,1999,0.47347712601737124,57.13835329756403
Topic 01,2000,1.9477274193294967,158.31988409691834
Topic 01,2001,1.7939202803207208,186.4089483251003
Topic 01,2002,1.3672029123897909,126.60421362243788
Topic 01,2003,0.8670365417307979,90.5951061676436
Topic 01,2004,0.8972930889594876,97.898980512186
Topic 01,2005,1.5162692215770113,151.62428785879482
Topic 01,2006,4.17505403599303,526.5153914327274
Topic 01,2007,4.47013143685599,420.2868742536508
Topic 01,2008,5.019142810798424,552.7491910297312
Topic 02,1978,0.38239425217995715,19.17727008898707
Topic 02,1979,0.8217413456445953,64.21844619041448
Topic 02,1980,0.3727573570332666,23.37887889782348
Topic 02,1981,0.6744825850777042,51.985790137296036
Topic 02,1982,1.0261448248338108,75.2064149339571
Topic 02,1983,0.5002126635190581,23.117364704023434
Topic 02,1984,0.5474548597641538,23.251957844792315
Topic 02,1985,1.1292651429681941,81.85681440383692
Topic 02,1986,0.34394084474339215,28.16279957058955
Topic 02,1987,0.48018992302733343,33.3466838637729
Topic 02,1988,0.45406558126620256,27.628856997656094
Topic 02,1989,1.1617574603909637,107.38587009909061
Topic 02,1990,0.5575822441807364,47.50375249252141
Topic 02,1991,0.8941670451335427,60.003784656935224
Topic 02,1992,0.8175755810565137,74.17085103358002
Topic 02,1993,0.36802723990404196,34.03447098083424
Topic 02,1994,0.8888414478684411,71.18477892980245
Topic 02,1995,1.2760803298707908,103.72539671260478
Topic 02,1996,1.6085182474565802,143.88334207397455
Topic 02,1997,1.4463548165685884,113.92686816095055
Topic 02,1998,1.6802579601604544,165.2177874806512
Topic 02,1999,0.6315492357165462,42.433240736089516
Topic 02,2000,0.9165822102098624,86.19452605644445
Topic 02,2001,1.5938851073768023,178.5692943644845
Topic 02,2002,0.11942655137176553,10.536924402134149
Topic 02,2003,1.559408958580727,152.3982370899053
Topic 02,2004,0.47376713892379446,48.701970426213336
Topic 02,2005,0.9567991897099053,104.9511644129677
Topic 02,2006,0.47332546658281976,37.09878449840151
Topic 02,2007,1.6740066357311556,123.184595586493
Topic 02,2008,2.4091387753086257,279.2390297612345
Topic 03,1978,0.29811169150461564,16.65202478511577
Topic 03,1979,1.5556311624879307,79.43836929812576
Topic 03,1980,0.20454598052527634,13.415643605854854
Topic 03,1981,0.5732776523262757,31.65263072436001
Topic 03,1982,0.5812817869734375,19.71423657260888
Topic 03,1983,2.254550038296707,224.47306959224238
Topic 03,1984,0.6335308329893717,50.18656469695905
Topic 03,1985,1.865553103211546,175.2478871723473
Topic 03,1986,1.586628459592628,154.5521170075722
Topic 03,1987,1.0828431467024924,56.39393932681702
Topic 03,1988,0.6907295632179868,41.94430865389744
Topic 03,1989,0.36766122133423434,22.060800789844002
Topic 03,1990,1.5714231495515076,123.76339222486699
Topic 03,1991,1.2807278192745615,150.31138038134605
Topic 03,1992,0.24773416292394176,7.815539756531088
Topic 03,1993,1.024850085577523,112.05078433731629
Topic 03,1994,2.021596816718774,150.17862332419148
Topic 03,1995,0.9271565374507542,75.81653347958559
Topic 03,1996,0.2972835101819103,11.171075817190907
Topic 03,1997,0.2692483204843666,18.42607680795147
Topic 03,1998,0.37875641226444345,33.713320225188255
Topic 03,1999,0.43227540706869105,23.445800506648936
Topic 03,2000,1.3815067807235621,97.94544530564423
Topic 03,2001,1.4012118569138652,155.48901998461292
Topic 03,2002,0.5436249055234205,51.6532230845785
Topic 03,2003,1.6658715432842304,157.07696500639616
Topic 03,2004,1.452503382088317,139.962794264095
Topic 03,2005,1.6137191127395971,120.25941119886697
Topic 03,2006,1.3862943069001499,146.9553231641026
Topic 03,2007,0.7092733484579998,48.912796483958886
Topic 03,2008,0.7764768579181252,70.56373269282216
Topic 04,1978,0.5512137086576341,24.874000413737733
Topic 04,1979,1.5837623257655253,130.93100094373736
Topic 04,1980,0.5254418125250395,63.824922446763374
Topic 04,1981,0.429513378804884,28.450847875675212
Topic 04,1982,0.6968414424165915,22.933991637753
Topic 04,1983,1.0426056213823547,68.47025293626426
Topic 04,1984,0.961437734654065,63.24574920066652
Topic 04,1985,0.808162523178066,74.09169891759073
Topic 04,1986,0.5314806019826913,49.05903655846253
Topic 04,1987,0.1277146841262722,7.293023428967643
Topic 04,1988,0.18830311479287518,19.17975976753549
Topic 04,1989,0.7963900185080497,84.46514840438508
Topic 04,1990,0.16012227441971102,9.011003815351641
Topic 04,1991,1.2997677662594156,113.51204080650027
Topic 04,1992,0.13022359202553124,6.433618953011454
Topic 04,1993,2.0287942612599617,257.02616708043286
Topic 04,1994,1.135245472530257,126.3461370075117
Topic 04,1995,1.742034247859118,178.09541305444796
Topic 04,1996,0.32034042025192566,24.380872030120866
Topic 04,1997,3.416192733198147,253.32209200364275
Topic 04,1998,4.093173578663686,371.1795210550908
Topic 04,1999,1.0211916749668812,114.65121487752322
Topic 04,2000,1.4155926477845866,134.6454525849243
Topic 04,2001,2.0234149073832923,170.4385283785919
Topic 04,2002,1.4085773264515278,123.56106482199856
Topic 04,2003,2.5441657015176076,225.6727100178615
Topic 04,2004,0.8785584116976917,85.44906858576772
Topic 04,2005,1.9213068420038404,127.82309875039911
Topic 04,2006,0.7346211840398501,68.63009302134644
Topic 04,2007,0.7270835153938092,68.09565623246388
Topic 04,2008,1.1754944522906898,100.78464863302938
Topic 05,1978,1.2975518448644063,70.9692884956564
Topic 05,1979,0.1786434053149062,10.228734230569572
Topic 05,1980,0.14087683214253455,9.617763491606345
Topic 05,1981,0.49563998936272213,29.337108548974395
Topic 05,1982,1.361473292301325,118.04339632889774
Topic 05,1983,0.07877014973389337,8.377947182618056
Topic 05,1984,0.5888215451225064,37.33010900549297
Topic 05,1985,0.48686843410887437,48.667638361431955
Topic 05,1986,1.453944023379625,183.83326251043388
Topic 05,1987,1.086047652857382,74.40060170359263
Topic 05,1988,0.8047230558735816,53.71864851207464
Topic 05,1989,0.3046535855756701,24.034434298284726
Topic 05,1990,0.3619675345388246,37.915274429996316
Topic 05,1991,0.9019710638502425,67.79907959914618
Topic 05,1992,0.7030204674156558,61.27458286781632
Topic 05,1993,0.5572498677568852,52.84414491554577
Topic 05,1994,1.8666730778517253,148.03046951834813
Topic 05,1995,2.0386595101860396,175.27486794217737
Topic 05,1996,1.1404363161092614,88.91877373810098
Topic 05,1997,0.753888436601901,43.1109335486315
Topic 05,1998,1.8560005258697583,123.82363274750207
Topic 05,1999,0.9351360610970814,58.29039872232198
Topic 05,2000,2.340188222897418,182.36308899732416
Topic 05,2001,2.040860628018845,211.0890002881992
Topic 05,2002,1.636131964681296,174.22438400752137
Topic 05,2003,2.354088133662263,239.40481423018144
Topic 05,2004,3.9301126411380536,349.8042767814726
Topic 05,2005,3.0915983988395377,368.4144968846829
Topic 05,2006,3.1546183210964953,351.49959285636976
Topic 05,2007,3.396923240419215,336.30782863748885
Topic 05,2008,2.8963223593380976,316.13250342690276
Topic 06,1978,0.7633088458435346,47.839018169868005
Topic 06,1979,0.49952700188238947,32.91162849624818
Topic 06,1980,1.359157016785613,161.61703051282933
Topic 06,1981,0.9010549461412368,57.093063012035465
Topic 06,1982,0.5673044372010558,39.60651615047604
Topic 06,1983,0.3460235699804793,24.01499802362666
Topic 06,1984,0.7867829137544716,55.80623786897873
Topic 06,1985,0.7452797694171096,56.55618060656067
Topic 06,1986,1.3423423298515855,135.7744779995338
Topic 06,1987,0.7102143637563528,70.46057829644654
Topic 06,1988,0.6573307106794097,62.680704517906236
Topic 06,1989,1.7033903561591162,193.8054681049243
Topic 06,1990,0.18518187484423523,8.39295630997787
Topic 06,1991,0.35408087535238003,29.49341944268107
Topic 06,1992,1.1384259372418981,80.94818844634497
Topic 06,1993,2.218408140016598,230.4208370643296
Topic 06,1994,2.084066979588321,223.9389850003298
Topic 06,1995,0.5499432554202544,46.372850100918555
Topic 06,1996,0.02083879315381134,1.1658700576067031
Topic 06,1997,1.3846412616117658,107.35056749755034
Topic 06,1998,1.3468527086214004,109.35319205473775
Topic 06,1999,0.7470085184445374,69.94439673525426
Topic 06,2000,1.255400160860463,102.81582221128244
Topic 06,2001,1.887690189594634,254.93038485727416
Topic 06,2002,0.5197364747656523,51.227103223442356
Topic 06,2003,0.6105148864195564,72.56400664838453
Topic 06,2004,0.6695804481017724,78.01435673009136
Topic 06,2005,0.8207038208643189,61.43981157829249
Topic 06,2006,0.588607288454891,28.509836347636668
Topic 06,2007,1.256397663260836,117.02369272972047
Topic 06,2008,1.2992070484094245,138.57400971101703
Topic 07,1978,0.0078027788847853975,0.49192061732898074
Topic 07,1979,0.778761709437169,78.26883678519454
Topic 07,1980,0.10686681639978465,6.1121202675337685
Topic 07,1981,0.008730989302621292,0.49798644097194916
Topic 07,1982,0.008197862311748228,0.46424058136489715
Topic 07,1983,0.08101210543883784,3.8200276817465877
Topic 07,1984,0.13690898464362028,13.126398773908189
Topic 07,1985,0.02997301681957949,2.588567310059154
Topic 07,1986,0.2862127722109446,25.401061064020084
Topic 07,1987,0.028189990351645728,1.7398006823807728
Topic 07,1988,0.005127673276844989,0.2868310943829855
Topic 07,1989,0.5866012955853399,47.46112128635332
Topic 07,1990,0.2634659448245671,10.938133307370807
Topic 07,1991,1.5579212692828204,148.23267666209006
Topic 07,1992,0.2135116614375022,17.341569590073973
Topic 07,1993,0.38510881755646514,24.888564244583293
Topic 07,1994,1.2342131051318679,86.90244890006207
Topic 07,1995,0.7636562588846004,65.68306078840922
Topic 07,1996,0.024638918730672397,1.3960026622821522
Topic 07,1997,0.9299695747295269,30.558277557577224
Topic 07,1998,2.5258451851885138,268.605827116025
Topic 07,1999,1.8863235298342438,178.4132754591312
Topic 07,2000,0.18603070336097002,16.746683350800797
Topic 07,2001,2.255596649294115,203.90115822889544
Topic 07,2002,3.7135585802214646,357.6340070161707
Topic 07,2003,1.3697788812922618,117.96589744043504
Topic 07,2004,2.6338817875432934,263.5313346798521
Topic 07,2005,1.9764593598709486,223.66766658900485
Topic 07,2006,1.4947990536834181,111.28200373354017
Topic 07,2007,1.8773205582869967,239.49857229423122
Topic 07,2008,3.6068990255073405,392.34858436775505
Topic 08,1978,1.4879594154155464,65.51189151983418
Topic 08,1979,1.1367005881979462,79.39416893764206
Topic 08,1980,1.0975881417801958,71.30562567170927
Topic 08,1981,1.1078536062134674,59.912520549807056
Topic 08,1982,1.3071483291553414,65.85767202907688
Topic 08,1983,0.618832583197703,33.86604260094989
Topic 08,1984,1.013643075226073,47.34914594850328
Topic 08,1985,0.6974740050783675,32.6429181029898
Topic 08,1986,0.8233987984612812,58.880726273924765
Topic 08,1987,1.2329554033597425,100.37781610080876
Topic 08,1988,0.9177174028325376,44.49666819891492
Topic 08,1989,0.9731888144899581,72.45311707646121
Topic 08,1990,1.0858746857701447,79.73283984593033
Topic 08,1991,0.5013602807282009,41.38133944269495
Topic 08,1992,0.49806760365265634,29.171328685796748
Topic 08,1993,0.4981641671707158,39.42111086414102
Topic 08,1994,0.8117120990857434,57.07126756502425
Topic 08,1995,1.4775384144700632,123.1257742132474
Topic 08,1996,1.2097905696579407,53.59054394022463
Topic 08,1997,3.231704713168482,242.38228300236716
Topic 08,1998,0.9228971168455236,52.42340630583501
Topic 08,1999,0.9694153100526822,63.571826899345304
Topic 08,2000,2.085578097931868,128.64172523989066
Topic 08,2001,1.2425852932469441,120.09771200899118
Topic 08,2002,1.8974152740559729,125.58827776161817
Topic 08,2003,1.9522345431573078,140.66145886133089
Topic 08,2004,1.729406185470755,234.89351178553366
Topic 08,2005,1.9565147799913396,231.49448354584615
Topic 08,2006,0.7668002925541643,86.80500750998584
Topic 08,2007,3.185000904682432,313.23778891972813
Topic 08,2008,1.4588307022082816,132.51175103326312
Topic 09,1978,5.161009038610805,305.99390259332597
Topic 09,1979,2.4723955936987307,138.607580228083
Topic 09,1980,0.9692415291563455,69.59707458708941
Topic 09,1981,2.6828357676058276,181.41894680909098
Topic 09,1982,3.376091855611643,178.24650215606545
Topic 09,1983,3.4191402889321902,176.5650557462444
Topic 09,1984,4.639714881985994,283.9849550674253
Topic 09,1985,1.4305747753751703,109.98061117493948
Topic 09,1986,0.34403068450679813,22.644862761379848
Topic 09,1987,4.18743286157814,250.421754236405
Topic 09,1988,2.245123597611399,114.53428543267242
Topic 09,1989,1.4792668683059302,95.55917963492357
Topic 09,1990,0.06806138424220896,3.7531154442699886
Topic 09,1991,1.7476107081930086,91.26584947759675
Topic 09,1992,0.3917778002835436,22.46480409631095
Topic 09,1993,0.38434320086471757,26.028073350062247
Topic 09,1994,0.3736932171493364,24.54662795782317
Topic 09,1995,1.6161623898174549,154.26196852479566
Topic 09,1996,1.7558049180631314,142.36426916643654
Topic 09,1997,0.393065071997949,25.8074435198054
Topic 09,1998,0.13253751695771537,7.438179524376954
Topic 09,1999,0.6440512489746497,49.87538897397299
Topic 09,2000,0.2407359214869837,23.10373815746809
Topic 09,2001,0.12112241558255264,10.329704409013821
Topic 09,2002,1.101365595223092,114.63010921112762
Topic 09,2003,0.6216393793106606,60.94047348160516
Topic 09,2004,0.06997021369008787,4.26723766980698
Topic 09,2005,1.2246671713193311,106.4536418614032
Topic 09,2006,0.40801455258949193,32.363223000525586
Topic 09,2007,0.21668963601229668,13.255694931334984
Topic 09,2008,0.20814068756395265,23.07866508870681
Topic 10,1978,1.5454787188773484,93.68036953142136
Topic 10,1979,0.20023765914487257,9.46461261003279
Topic 10,1980,0.7311660957071802,25.850976607456698
Topic 10,1981,0.4370514107231469,23.50569248763485
Topic 10,1982,0.8121683216323358,36.00151055558539
Topic 10,1983,0.28075285263564587,20.092985606446625
Topic 10,1984,0.6921684159729895,30.802884129470684
Topic 10,1985,1.639026131362741,93.6489657674735
Topic 10,1986,0.014877448328201431,0.8979906743867522
Topic 10,1987,0.7651304076747105,45.594053919482235
Topic 10,1988,1.1195840932496208,80.24208317146828
Topic 10,1989,1.0520997904029188,58.332948238004555
Topic 10,1990,0.8582994241224117,63.08794224308414
Topic 10,1991,1.3422051267519106,86.91217049816119
Topic 10,1992,1.120728311854529,69.88968451834722
Topic 10,1993,1.0765360462490172,70.06461879076042
Topic 10,1994,0.530721897284457,38.7105166692417
Topic 10,1995,1.0790972009843887,92.97685501074207
Topic 10,1996,1.1176211658086879,86.34764044286408
Topic 10,1997,1.7882865602863598,134.2682770701541
Topic 10,1998,3.2882711919547387,318.0156842214363
Topic 10,1999,2.872700775955228,244.0626312539892
Topic 10,2000,2.390318133468817,214.42408011542335
Topic 10,2001,1.0086503436318224,88.86369421484366
Topic 10,2002,0.30019025642326425,15.681197202315545
Topic 10,2003,0.5887248808873488,43.213706082346654
Topic 10,2004,1.4912319552124598,118.5885149424184
Topic 10,2005,0.9514954490872697,81.7516727824057
Topic 10,2006,0.7393611767989587,52.313362163929334
Topic 10,2007,0.7648687124310103,55.201818605266105
Topic 10,2008,0.1018776887584809,11.13269482979881
Topic 11,1978,0.9108490220675078,53.909106075901654
Topic 11,1979,0.5448504682928701,31.959137555117927
Topic 11,1980,0.89881202811824,71.25890203670458
Topic 11,1981,1.1543762409438014,70.74143459583362
Topic 11,1982,1.6071097753469314,59.3064147387705
Topic 11,1983,0.7521786670705805,37.66576600337231
Topic 11,1984,0.47260774332892264,18.24482890717459
Topic 11,1985,0.5133096345451271,37.422934047217694
Topic 11,1986,0.45987015796579506,24.04985675641788
Topic 11,1987,0.28064120608956744,19.718588312457232
Topic 11,1988,0.9502829400210081,71.364166580725
Topic 11,1989,0.4367636944851621,43.00418329165918
Topic 11,1990,1.1916333769895382,42.41221618453024
Topic 11,1991,0.8060225098649294,81.96147011553342
Topic 11,1992,1.1456905132582365,66.3932079469321
Topic 11,1993,0.6845013222678269,51.40813766338391
Topic 11,1994,0.72296324716658,75.27804384533036
Topic 11,1995,1.0689516415717564,85.65559867674642
Topic 11,1996,0.9704878134176962,56.86938963274347
Topic 11,1997,0.9060220588036886,88.41644019427217
Topic 11,1998,0.2784658217060524,26.213613600543027
Topic 11,1999,0.6217482702434342,63.47315477101607
Topic 11,2000,0.7112738077222781,82.13978191992597
Topic 11,2001,1.676124947500829,166.38769646767474
Topic 11,2002,2.3222003979968706,240.88001606543094
Topic 11,2003,2.7198787704276075,243.6398757546534
Topic 11,2004,1.399743246224564,154.13365730828448
Topic 11,2005,2.6722265444785585,256.09059420028154
Topic 11,2006,2.880761000149073,270.3048507753814
Topic 11,2007,3.8262219197428196,377.70878889981236
Topic 11,2008,1.664895852964325,171.09245437682785
Topic 12,1978,0.9409882943276878,60.75969630850169
Topic 12,1979,0.6675444760268276,50.88252568590569
Topic 12,1980,0.4117419293804626,22.461400155321563
Topic 12,1981,1.02417424888983,58.528858596207364
Topic 12,1982,0.1484616777181338,9.113693878981994
Topic 12,1983,0.6746131722406277,23.62013973301168
Topic 12,1984,0.24138306490281458,16.522742587523606
Topic 12,1985,1.3436396595891185,101.77492905642276
Topic 12,1986,0.718628645902313,53.36745436297455
Topic 12,1987,0.5663965859611699,62.438567307302286
Topic 12,1988,0.3374572806706521,26.177987285201905
Topic 12,1989,0.6388719074977363,45.46564489177392
Topic 12,1990,0.6288600056696506,52.4932813835893
Topic 12,1991,0.6882035497916605,52.02225398977078
Topic 12,1992,0.6051069254030544,43.13222011319643
Topic 12,1993,0.14036273045915254,11.745418885122115
Topic 12,1994,2.3731713550012077,196.73972558349743
Topic 12,1995,0.45200642411673475,36.50109191506373
Topic 12,1996,0.39886331113660006,21.385591537217135
Topic 12,1997,0.8523484471044999,50.308759063974904
Topic 12,1998,1.662120175537825,126.59141777389436
Topic 12,1999,0.7309358703254696,54.751971204923635
Topic 12,2000,1.958940799702702,106.65041730728188
Topic 12,2001,1.1201402443323398,168.23325034864877
Topic 12,2002,2.657851012156497,260.7023339621866
Topic 12,2003,0.5922378455368147,43.139462671433556
Topic 12,2004,1.626523287943584,183.94728923567624
Topic 12,2005,1.0933820481313408,89.04392510610651
Topic 12,2006,0.7258059204200714,72.92082353355174
Topic 12,2007,1.1572922363544262,114.99897204002683
Topic 12,2008,1.0591241255009103,112.16152090543524
Topic 13,1978,1.8870256804105567,109.73203957166925
Topic 13,1979,0.5293395281234986,23.492232098173794
Topic 13,1980,2.5374724941899016,124.60424518341321
Topic 13,1981,1.8567883794392228,106.50138536960111
Topic 13,1982,2.030196471067803,134.1984428386158
Topic 13,1983,1.6166713551172347,86.1727854609219
Topic 13,1984,1.3357749158321264,74.06720873145292
Topic 13,1985,1.8385670779127605,109.8398028580678
Topic 13,1986,0.8244718417989488,72.99427182600249
Topic 13,1987,1.9843948699367255,156.22858347261754
Topic 13,1988,2.244384892170172,197.1311523015427
Topic 13,1989,0.40802218141221125,18.536900038200564
Topic 13,1990,0.47675721997913467,42.145106107275225
Topic 13,1991,1.621189170607712,136.52633766983612
Topic 13,1992,0.7016327297437928,62.35328798032174
Topic 13,1993,1.6767139201720205,117.69644374431378
Topic 13,1994,1.630893823030585,154.05176573095878
Topic 13,1995,1.8383198713273614,174.44154950762908
Topic 13,1996,2.985299945138294,218.5229879516958
Topic 13,1997,0.41464127355067676,43.57671664872655
Topic 13,1998,1.4021379722664546,127.91693686902447
Topic 13,1999,1.739446185133657,166.16724091073118
Topic 13,2000,0.23038378154705105,19.831909749146277
Topic 13,2001,0.38848257927027086,40.62558511725731
Topic 13,2002,1.3676131026291647,111.23326580699549
Topic 13,2003,0.7180154556452243,59.374206649087554
Topic 13,2004,1.6730143024899045,142.24503306763012
Topic 13,2005,0.06643399312215185,5.405868742335607
Topic 13,2006,0.21115334253436582,17.600581814373488
Topic 13,2007,0.03486986727433317,2.8387010061607603
Topic 13,2008,0.5826722854893711,62.4717596070609
Topic 14,1978,4.412050900171173,262.1520085307644
Topic 14,1979,4.4393327344924325,250.49910166312412
Topic 14,1980,4.432778409434117,249.63881558452334
Topic 14,1981,2.2093855066179424,141.34072697374157
Topic 14,1982,3.004781539884048,197.49678660633242
Topic 14,1983,1.518691933231969,84.24502157404358
Topic 14,1984,2.550921920334175,159.89485777047554
Topic 14,1985,2.148089708647496,114.78148712306998
Topic 14,1986,1.1000378186538697,71.20116372167779
Topic 14,1987,0.674355034456165,38.0707159655806
Topic 14,1988,0.9942049485625422,65.97694273197045
Topic 14,1989,1.157428484595851,66.58155437394545
Topic 14,1990,0.7776523801245151,61.50516103313342
Topic 14,1991,1.1581305479390225,72.2760417777788
Topic 14,1992,0.23889861015545968,19.444284788853686
Topic 14,1993,0.8295452419386328,64.31362345170825
Topic 14,1994,0.08199699938557496,7.246720083515662
Topic 14,1995,0.6302223536541859,64.1277578993845
Topic 14,1996,1.2788783573701383,61.05727782344724
Topic 14,1997,1.0050395357125328,83.07159222983005
Topic 14,1998,0.5760007622719931,25.22274259102541
Topic 14,1999,0.7631141915539971,89.95410658626398
Topic 14,2000,0.33895712310289333,32.56069983004224
Topic 14,2001,0.1013854317625659,12.095422197646307
Topic 14,2002,0.6134608928314901,38.94128240809056
Topic 14,2003,0.5051273066556315,48.03064628860649
Topic 14,2004,0.10127514515199026,10.461778784736905
Topic 14,2005,0.26753921607815945,24.198312855595006
Topic 14,2006,0.3573950213960623,19.099471295124847
Topic 14,2007,1.034241783639792,78.3747605618874
Topic 14,2008,0.7969102351972386,72.34959079457028
Topic 15,1978,0.16480879592237035,6.935454244768399
Topic 15,1979,0.15850296376766196,11.282083312833105
Topic 15,1980,0.1817437519813422,18.436460007156054
Topic 15,1981,0.30769931708621684,19.901962697744192
Topic 15,1982,0.6004137893970293,34.863632286662266
Topic 15,1983,1.0548625945138805,71.66315287402091
Topic 15,1984,0.4584839431948718,29.375243213475017
Topic 15,1985,0.9560499930486508,56.76091972556532
Topic 15,1986,1.0047546491075712,72.6183530686559
Topic 15,1987,1.5982724011426797,118.40265405828622
Topic 15,1988,0.9410036900613243,83.10668230728226
Topic 15,1989,1.3517937732873802,101.47112891982574
Topic 15,1990,2.1029494200750722,192.67352931627883
Topic 15,1991,1.9012770648106834,144.0403476186694
Topic 15,1992,1.5149225500672046,132.91870781801936
Topic 15,1993,1.2622349520868161,108.60366854195256
Topic 15,1994,1.1403833397583072,132.9526365218932
Topic 15,1995,1.7256691529507195,119.50978610892369
Topic 15,1996,1.0176519283827896,88.48228835645413
Topic 15,1997,1.0858670445730856,82.70493453516504
Topic 15,1998,1.199839109054966,89.82956040067431
Topic 15,1999,1.2346669646498443,120.16048546533084
Topic 15,2000,1.8078356632745318,137.5298237169762
Topic 15,2001,1.5987824124086878,153.00770013734706
Topic 15,2002,2.0672334761400286,195.10144080439562
Topic 15,2003,1.1301979430149784,109.30466121329331
Topic 15,2004,1.2623116015499618,117.02918091463113
Topic 15,2005,1.4921185347317014,132.02781347001434
Topic 15,2006,2.1180832765907893,151.7322446593588
Topic 15,2007,1.0432006384572847,88.6370721900291
Topic 15,2008,2.6453420682744424,210.10686769552294
Topic 16,1978,0.215719168402275,9.095694529087634
Topic 16,1979,0.5152083019183809,22.96979887187863
Topic 16,1980,0.9287443980766319,39.750356636972235
Topic 16,1981,1.2406820217625645,59.39658769966081
Topic 16,1982,1.0112303249205514,82.77912976636009
Topic 16,1983,1.5135062765188185,83.04852975151834
Topic 16,1984,2.0151905203501403,171.39002332276087
Topic 16,1985,3.8480310602657273,244.95665346385124
Topic 16,1986,1.6983264792931034,107.0708794710216
Topic 16,1987,2.699829544172566,226.58326262681925
Topic 16,1988,2.109578821699034,147.68382638488032
Topic 16,1989,3.2021194571328913,220.26483508329898
Topic 16,1990,3.190381357787227,239.31138775024235
Topic 16,1991,4.298163230274274,299.6254376088247
Topic 16,1992,6.7680571980138,582.8547828998436
Topic 16,1993,1.4822969508995714,152.08735113001217
Topic 16,1994,4.681847830542801,472.03083230482673
Topic 16,1995,3.9940861174004967,321.0535926182788
Topic 16,1996,2.373527349499968,183.22941140947535
Topic 16,1997,2.6031851372657844,247.3718910123347
Topic 16,1998,0.5248591796641437,47.02238975376481
Topic 16,1999,1.5344895460806536,103.41879592044894
Topic 16,2000,1.5091658985046548,116.14639970762208
Topic 16,2001,0.9878262810946289,90.07976956534287
Topic 16,2002,0.49399003004153563,48.50705566588262
Topic 16,2003,0.15032014495304274,13.559943356488247
Topic 16,2004,0.3844504059547931,26.83376654608341
Topic 16,2005,0.5125458443472438,55.60975854713077
Topic 16,2006,0.5325262849233795,23.521589907186716
Topic 16,2007,0.15729764321781262,14.300890121548886
Topic 16,2008,0.7912259619113347,71.11088252482938
Topic 17,1978,0.06798037515220133,4.642022239674098
Topic 17,1979,0.3499134207891698,26.17525393897397
Topic 17,1980,0.036915551493214085,1.4074859476745096
Topic 17,1981,0.016787877202923508,0.9161039143320355
Topic 17,1982,0.1142246355866534,6.8165982821324
Topic 17,1983,0.12185275488865283,7.285825222847879
Topic 17,1984,0.3653546702646173,12.895046425881585
Topic 17,1985,0.08044659385188356,7.894996112070529
Topic 17,1986,0.22771836722963165,16.506599133843046
Topic 17,1987,0.011657164778713978,0.9200861086217317
Topic 17,1988,0.003839433080340805,0.23461490381617622
Topic 17,1989,0.1258790790853464,14.956321474682849
Topic 17,1990,0.020722724813793725,2.2635802421298004
Topic 17,1991,0.40838824310856126,24.72244077348221
Topic 17,1992,0.18994818772298983,8.344713659490024
Topic 17,1993,0.11540974194763062,13.25276404146152
Topic 17,1994,0.21778588650939534,21.701920955587134
Topic 17,1995,0.5902670663656584,56.58793812297942
Topic 17,1996,0.06258782677443432,4.927695632831534
Topic 17,1997,0.8417679355044889,65.35384752538883
Topic 17,1998,0.9253151065082168,54.480417017384084
Topic 17,1999,0.874736523739855,27.311596897435404
Topic 17,2000,0.532877306213656,32.70635556904439
Topic 17,2001,1.7965457708900727,97.5329302531061
Topic 17,2002,2.0823952997223096,97.83214590028592
Topic 17,2003,5.137340735413654,328.952860317179
Topic 17,2004,5.01951107380677,319.9276280428671
Topic 17,2005,3.8239128866767045,335.29725656448977
Topic 17,2006,1.655173575937551,144.38438559770515
Topic 17,2007,2.1553716379203,139.6010589538585
Topic 17,2008,1.054322642153156,90.1619101886575
Topic 18,1978,0.13748757455611488,7.288649259924561
Topic 18,1979,0.4193647409404797,33.97062255567616
Topic 18,1980,0.35106722895127107,25.761196115894897
Topic 18,1981,0.23439986958979284,10.28206745588161
Topic 18,1982,0.1534237304458367,6.447848946135131
Topic 18,1983,0.9449288507692656,89.30907717901304
Topic 18,1984,0.3961254450633099,18.445990941827695
Topic 18,1985,0.3510194732535728,22.210273735256543
Topic 18,1986,0.6049857608465731,41.6145827871938
Topic 18,1987,0.16287507667920822,9.439851786137352
Topic 18,1988,0.48738910094378507,43.109744548212376
Topic 18,1989,0.21795314055329595,24.15028411158662
Topic 18,1990,0.0978918908979191,5.29430841737462
Topic 18,1991,0.499386946795186,38.433179914492094
Topic 18,1992,0.49256139022856466,23.73111379249618
Topic 18,1993,0.08025752069820224,6.514914833537182
Topic 18,1994,0.5013119982846999,41.38816434755089
Topic 18,1995,0.07187137924375173,5.808902325530771
Topic 18,1996,0.6797995505913497,18.233375681423126
Topic 18,1997,0.7425899418454407,38.37999806621265
Topic 18,1998,2.248298624382976,244.50434866231456
Topic 18,1999,1.6470042510250071,103.75778206708557
Topic 18,2000,3.0273874463518626,330.2198942936464
Topic 18,2001,2.8249587219061896,230.33414572708867
Topic 18,2002,1.6965693715241765,104.30894678959945
Topic 18,2003,1.4449530483488842,134.44273797487227
Topic 18,2004,3.4151770243054957,326.554353774814
Topic 18,2005,0.790026125972826,74.33025442482617
Topic 18,2006,1.1360554906187113,121.47473187320445
Topic 18,2007,3.133808815585524,298.19616265855075
Topic 18,2008,1.9414621500907796,199.4954824771094
Topic 19,1978,1.6036799105600998,86.79475842865617
Topic 19,1979,1.4143634167112014,70.96976611689814
Topic 19,1980,2.8349441526223735,123.49390248491842
Topic 19,1981,2.2158924778772975,102.964189735576
Topic 19,1982,1.416014005880146,84.71705829925972
Topic 19,1983,1.1548567904693368,68.65719487002895
Topic 19,1984,1.0129873878466105,76.6088235925048
Topic 19,1985,1.4644419931271973,65.2958101832998
Topic 19,1986,1.2844999582665433,78.89374905993509
Topic 19,1987,1.1107013548366682,48.36792846143855
Topic 19,1988,1.626756683477583,95.65409201370264
Topic 19,1989,0.8757024810463376,53.572513324228154
Topic 19,1990,0.98687945186529,87.7302257167159
Topic 19,1991,1.1817439891023733,95.45197270426678
Topic 19,1992,1.0865785978843274,138.1306391274198
Topic 19,1993,2.677658646720896,200.81229731283332
Topic 19,1994,0.8266454381047567,48.93761347591824
Topic 19,1995,3.103544352881584,215.40840960537693
Topic 19,1996,1.0742462621667204,47.681557924762444
Topic 19,1997,2.1506129240938607,180.50643951574637
Topic 19,1998,1.2802018494098568,64.33901260121377
Topic 19,1999,1.6559776791006289,127.27377477450301
Topic 19,2000,0.9042521983641953,74.4901508629779
Topic 19,2001,1.712624703669651,173.34701579988163
Topic 19,2002,0.7366713272472778,21.0810331604551
Topic 19,2003,1.4259795203778685,148.17746884303085
Topic 19,2004,1.2315722103505646,95.40775770009856
Topic 19,2005,0.8130962542384212,68.19405166373872
Topic 19,2006,0.37998324219401775,31.27503828082442
Topic 19,2007,0.11801697400321157,11.137388691738046
Topic 19,2008,0.26802728480488097,34.97319443066889
Topic 20,1978,3.9408352825124364,245.46903141206667
Topic 20,1979,3.5902876277675593,311.10939972072094
Topic 20,1980,3.141013359404991,188.42307757260448
Topic 20,1981,0.8529651209109017,46.61903531758408
Topic 20,1982,2.3599343558972468,162.20587909230568
Topic 20,1983,2.2880173482375525,115.2420068927324
Topic 20,1984,1.734331724351231,80.96021906970255
Topic 20,1985,1.5779707131377998,101.32288859914367
Topic 20,1986,0.343591113323911,20.33438802455477
Topic 20,1987,1.6609364347350677,99.51592027265448
Topic 20,1988,0.719239133959691,43.405537126395345
Topic 20,1989,1.1336211519973676,48.95617449721972
Topic 20,1990,0.8317655172039131,54.985865969100075
Topic 20,1991,0.07568241222401433,4.4618945445059826
Topic 20,1992,0.43158881811296307,43.742632292456584
Topic 20,1993,2.079646207936191,140.94189663960543
Topic 20,1994,0.506304033077354,36.87248290496601
Topic 20,1995,1.5336932349378325,156.01986539791477
Topic 20,1996,0.8776972481624508,51.77652161340492
Topic 20,1997,0.6336935826884288,47.02076807745108
Topic 20,1998,0.3820497904879129,20.030578041349308
Topic 20,1999,0.9919750968097916,79.98618466355595
Topic 20,2000,0.9831746217354234,88.46187912398506
Topic 20,2001,0.8459070146147245,68.61843389342226
Topic 20,2002,0.3815367015287261,39.13118816730619
Topic 20,2003,0.34321984613873074,27.2639382399047
Topic 20,2004,0.655938233245531,63.84868740883454
Topic 20,2005,0.07848860093195806,7.981290619791859
Topic 20,2006,0.4654147261365835,43.003604980719665
Topic 20,2007,0.20534351466462972,14.873586787773784
Topic 20,2008,0.22725570548640778,22.386481872366844
Topic 21,1978,0.355842408092763,18.46516911299069
Topic 21,1979,0.25860018214177904,12.174153029932238
Topic 21,1980,0.21372987143248093,9.99507877168238
Topic 21,1981,0.31396805536197264,19.48026804841596
Topic 21,1982,2.391308651933177,114.47492886147253
Topic 21,1983,1.3238996569717703,75.49608764716423
Topic 21,1984,0.7065062668288181,50.43739308864704
Topic 21,1985,1.5480143776850919,122.49223340024415
Topic 21,1986,1.2877466860535496,67.46065679313273
Topic 21,1987,0.8072077229842326,66.59874263778639
Topic 21,1988,1.0295337339481612,76.82587925678475
Topic 21,1989,0.5397911484904926,39.019711421519055
Topic 21,1990,0.7474440502836592,89.6858072823432
Topic 21,1991,1.081403443512598,84.80820313347232
Topic 21,1992,1.0267695756176964,92.26879305764125
Topic 21,1993,1.5867754783889194,122.95815101281977
Topic 21,1994,1.5888106072260015,107.92942784015474
Topic 21,1995,1.1443776943217907,105.39971167050018
Topic 21,1996,0.6204214985900469,50.37073521893441
Topic 21,1997,2.350701674563963,230.68034129230693
Topic 21,1998,0.48731387201381166,45.981888666976104
Topic 21,1999,2.133246704926898,212.15250817431632
Topic 21,2000,0.4734819052971564,38.98792647066351
Topic 21,2001,1.1065958862163292,106.10682458982556
Topic 21,2002,0.26971987275089554,26.52185556452591
Topic 21,2003,1.0551088168981244,135.28368312182752
Topic 21,2004,0.5455726010997922,60.86194271852662
Topic 21,2005,0.2436391092444834,19.55491067178478
Topic 21,2006,0.9449357682908903,93.03113451716548
Topic 21,2007,0.2603415167153248,31.383699739605085
Topic 21,2008,0.3238551685101448,40.24852118272605
Topic 22,1978,1.8999448486775714,119.49690703932892
Topic 22,1979,0.2868911093937081,16.606356322233232
Topic 22,1980,0.9621561745540044,75.41084046452924
Topic 22,1981,2.3056120629108645,152.8892928097995
Topic 22,1982,0.8008476832877862,62.62046975790382
Topic 22,1983,0.9229825501966756,57.85134046939648
Topic 22,1984,0.31168343978761276,22.372066554071075
Topic 22,1985,1.3768639581997744,84.5501998928396
Topic 22,1986,0.5679576911348914,35.831938731855445
Topic 22,1987,1.5224030173417737,121.1024308121315
Topic 22,1988,1.3812457955033728,75.42305720296035
Topic 22,1989,1.8159838148400604,99.8888175021045
Topic 22,1990,2.183912513057895,243.6722298500658
Topic 22,1991,1.5733252055587974,125.88881998891236
Topic 22,1992,1.8769800005113173,142.44143535008646
Topic 22,1993,1.0256268058847857,88.5358466386794
Topic 22,1994,1.3145410353137632,89.18744727908751
Topic 22,1995,1.0837490615301861,95.24336004764466
Topic 22,1996,1.5397909000015746,92.7365398262631
Topic 22,1997,0.8526500070714595,81.00338165935375
Topic 22,1998,1.6563924459610204,100.3203606952462
Topic 22,1999,1.8884416139562952,142.7272998427203
Topic 22,2000,0.5985932656602864,55.15059133647974
Topic 22,2001,0.19632475057501478,19.584015388547222
Topic 22,2002,0.19835018381299158,15.796717494121204
Topic 22,2003,0.20072187683092124,14.832635791931196
Topic 22,2004,1.4545543441979567,93.2363048079649
Topic 22,2005,1.0003861596690915,53.41407359200274
Topic 22,2006,0.09444355486188218,11.79500299305923
Topic 22,2007,0.3779665396046853,35.74233262502052
Topic 22,2008,0.8196137349209118,78.79449905589219
Topic 23,1978,0.7937942341564748,32.86925804585804
Topic 23,1979,0.18556799735947882,19.857208121452736
Topic 23,1980,1.1334645704363202,33.01369288303221
Topic 23,1981,1.115756917394239,24.781205899441865
Topic 23,1982,6.169637621493125,239.0620987345419
Topic 23,1983,0.8032631095591889,36.52538149134883
Topic 23,1984,9.962045870715276,438.2823569902796
Topic 23,1985,0.21592220911667884,15.451301812421775
Topic 23,1986,5.283527279235984,253.93218847906073
Topic 23,1987,0.0034866928025903566,0.20975938426199112
Topic 23,1988,2.3912046525946584,181.23416208057282
Topic 23,1989,0.03989959949438052,2.986752143718
Topic 23,1990,0.45664571075359883,30.344324510871857
Topic 23,1991,1.5920979660977095,125.92360045760495
Topic 23,1992,0.5605511386647637,34.314038831658436
Topic 23,1993,0.1425810788107966,9.12946458064338
Topic 23,1994,0.8103506558600956,39.834876640074306
Topic 23,1995,0.7709484431181823,60.14493962238551
Topic 23,1996,1.103035097776851,51.0198474949369
Topic 23,1997,1.9897152170914625,65.50498671264639
Topic 23,1998,1.1585476666485155,65.17941829682358
Topic 23,1999,1.3140099461641395,130.28220565916104
Topic 23,2000,0.8833809357922318,73.65218609164566
Topic 23,2001,1.2477480355751567,103.63800721704044
Topic 23,2002,0.30267474047539294,17.382125587798374
Topic 23,2003,1.7215143298852404,165.88818053334924
Topic 23,2004,3.2596524829760223,270.83076097748653
Topic 23,2005,2.6401471374439502,203.20346590198204
Topic 23,2006,2.624537057819237,229.27036367003302
Topic 23,2007,3.1095345530934475,249.21579014366
Topic 23,2008,2.4271256195665125,283.91247719988576
Topic 24,1978,0.1320439760548001,6.714351832965071
Topic 24,1979,2.2154472510385665,175.31276070037308
Topic 24,1980,0.041182710128795916,4.582759817714411
Topic 24,1981,0.567805701185301,41.150150513184954
Topic 24,1982,0.5284804928118154,43.47589169720682
Topic 24,1983,1.2693267919833016,88.9085486205836
Topic 24,1984,0.07241336310670442,4.89696020826554
Topic 24,1985,0.6762332100114384,77.72662207687416
Topic 24,1986,0.0581426088807801,3.418293507992404
Topic 24,1987,0.16185842831129096,9.272573856616827
Topic 24,1988,0.1390101323883186,8.058684969214747
Topic 24,1989,1.6709656777343378,155.58869410042962
Topic 24,1990,0.5160182100485559,56.081161661432
Topic 24,1991,0.6526304494830653,63.95217634890761
Topic 24,1992,0.16233540220935253,12.346636279891369
Topic 24,1993,1.3189487166690301,167.01110244665043
Topic 24,1994,1.4607272352918736,160.15816899978367
Topic 24,1995,0.28705818222354124,22.8937184203609
Topic 24,1996,0.24847403201667145,24.232112577855936
Topic 24,1997,1.7015486921319483,164.073154291273
Topic 24,1998,1.3120557679780025,101.11822653118139
Topic 24,1999,1.5776487142016953,154.57067893346994
Topic 24,2000,0.6968438086723343,51.89607338411645
Topic 24,2001,1.1444597912554944,126.3498310125667
Topic 24,2002,2.218001669176875,274.9841340597527
Topic 24,2003,1.203627025953748,110.39980522117536
Topic 24,2004,1.8973314958187464,213.93049021775647
Topic 24,2005,0.701657098738465,87.1633284034883
Topic 24,2006,0.2296046028379358,27.321383406352336
Topic 24,2007,0.11448344793643743,12.955197957153228
Topic 24,2008,2.2548443228718913,308.59138866996176
Topic 25,1978,5.257581741223534,274.449197672502
Topic 25,1979,4.106809029536331,186.96857235888518
Topic 25,1980,2.5336291820021235,155.60014718463486
Topic 25,1981,3.431556388194185,123.01569799043433
Topic 25,1982,1.1867261650547414,54.07432034224429
Topic 25,1983,1.1658859412955354,51.324884689073016
Topic 25,1984,1.3499336886894011,61.111221060617396
Topic 25,1985,2.1778964085757426,128.45207002522508
Topic 25,1986,0.3525709319644048,21.438738878571222
Topic 25,1987,2.389656538720871,135.68734202711903
Topic 25,1988,1.7988216947877607,74.61209548507087
Topic 25,1989,0.8210593022745003,39.06149759116641
Topic 25,1990,0.30690020480908403,16.43263968937099
Topic 25,1991,1.9981222896778879,119.64970516635785
Topic 25,1992,0.7526089363749446,48.57281973252861
Topic 25,1993,1.1495101080722778,72.71405809508926
Topic 25,1994,1.2404511120430213,104.75741333403447
Topic 25,1995,1.5008485709787958,142.90697715237903
Topic 25,1996,2.6679708058149876,168.16737196530747
Topic 25,1997,0.7982425911795492,96.1999034962508
Topic 25,1998,2.0029413037013293,160.20730875211137
Topic 25,1999,0.6826330121795807,52.89796100597967
Topic 25,2000,1.5079805972915028,145.8970170500264
Topic 25,2001,0.20726922069120823,16.62969407544706
Topic 25,2002,0.21511270515945938,20.800279687039634
Topic 25,2003,0.41387692267226867,33.82503991868409
Topic 25,2004,0.34977063207896025,26.73122046978219
Topic 25,2005,1.1458123945322582,115.75622913502505
Topic 25,2006,0.4256662844181149,26.961094775451848
Topic 25,2007,1.8037415342980379,92.51040435285609
Topic 25,2008,0.8060881507583455,58.021067351183625
Topic 26,1978,2.432796385514259,178.3866340407139
Topic 26,1979,2.008195138658676,111.82978286560743
Topic 26,1980,5.800278108039009,368.3713352094629
Topic 26,1981,7.042209496117603,495.91973624390204
Topic 26,1982,5.915636031586074,433.2455887938219
Topic 26,1983,2.5564894774513336,125.20602852704478
Topic 26,1984,3.4326491710713287,237.2927827873172
Topic 26,1985,5.215723132914837,438.3718463862734
Topic 26,1986,3.0747268400112104,232.5903708966165
Topic 26,1987,2.776377435953491,190.02555357938078
Topic 26,1988,1.3518926415015597,79.33329509690839
Topic 26,1989,2.2207549422014203,132.61763281143635
Topic 26,1990,2.381350582422172,196.5653624721412
Topic 26,1991,1.7245834392983945,132.75190835851433
Topic 26,1992,0.42945188327048944,34.82205478028652
Topic 26,1993,0.4359864509811182,34.9346204681857
Topic 26,1994,0.6946915478551833,72.85388024723308
Topic 26,1995,1.160396635740681,94.24959190895311
Topic 26,1996,1.0713692553773606,74.6797691859124
Topic 26,1997,0.7783206906147938,59.92449926971434
Topic 26,1998,0.4389692471043855,47.40384096089475
Topic 26,1999,0.45464063256314424,52.43811714059957
Topic 26,2000,0.625843272954378,22.45440973136339
Topic 26,2001,0.45019964950782376,32.31038352263868
Topic 26,2002,0.3987268350079486,38.59031592257945
Topic 26,2003,0.48704655034609273,47.40215756432223
Topic 26,2004,0.3096853625658088,26.361923259252794
Topic 26,2005,0.5221291772944157,70.48330454606558
Topic 26,2006,0.20814655860912917,22.578419302589797
Topic 26,2007,1.031530011898519,158.3910414059519
Topic 26,2008,0.012331704356265313,1.0943206281406437
Topic 27,1978,0.13104847527948305,9.50311267522661
Topic 27,1979,0.04243154300199704,5.189299073778669
Topic 27,1980,0.04859409455957082,2.3808036440492115
Topic 27,1981,0.30089057387630475,19.542338542207638
Topic 27,1982,0.005547584743561396,0.3160872142641089
Topic 27,1983,0.3814912760271267,19.077832369215052
Topic 27,1984,0.1702388302649337,6.1630767017325425
Topic 27,1985,0.026209020255547395,2.212201078265133
Topic 27,1986,0.08175423790130884,6.859851264924272
Topic 27,1987,0.04196144593102778,3.4904644426913056
Topic 27,1988,0.8969694751884487,80.60215351067225
Topic 27,1989,1.6537596540286315,173.87791141599513
Topic 27,1990,1.603430616171225,88.90378789352654
Topic 27,1991,1.3188808123709317,99.09179050677714
Topic 27,1992,2.5568125862412954,147.11004934227807
Topic 27,1993,3.392329060752497,138.12951793637484
Topic 27,1994,3.234497944479186,167.86636607253098
Topic 27,1995,0.11476448235112749,11.134616818571672
Topic 27,1996,2.8609570851123163,175.7791146868956
Topic 27,1997,2.9677183314238422,160.9694299618557
Topic 27,1998,3.730026860975361,314.5489552618725
Topic 27,1999,2.767334248865596,126.30606558621193
Topic 27,2000,2.4359490892303635,142.30041837594743
Topic 27,2001,3.4075784926782293,234.52715143409225
Topic 27,2002,1.9956962827269147,188.67348060056185
Topic 27,2003,4.085011103483941,303.24393436958087
Topic 27,2004,1.8561766189488815,102.67285131568296
Topic 27,2005,3.7284787179665493,330.18426218644265
Topic 27,2006,3.045705070649263,171.88138064566982
Topic 27,2007,2.191029830644429,161.5586441495709
Topic 27,2008,3.6676861166596995,170.97481607463916
Topic 28,1978,0.46345379641266626,34.85309889390561
Topic 28,1979,0.24302067283993828,15.006133815333436
Topic 28,1980,1.0648834951331918,52.822261036662596
Topic 28,1981,1.1720195685465784,78.93575395325614
Topic 28,1982,0.45144759889250885,29.73478111161177
Topic 28,1983,1.8631330435981968,87.2553816031073
Topic 28,1984,1.1388175360625754,94.28397144381627
Topic 28,1985,2.2174860986089024,173.09665329581244
Topic 28,1986,2.533839072266276,171.7849640753206
Topic 28,1987,1.6128698405642614,109.19814594100615
Topic 28,1988,0.7692521536060175,41.75046800388527
Topic 28,1989,1.341907000867733,78.27032687462435
Topic 28,1990,1.2750567657437797,96.25342134577376
Topic 28,1991,2.124048341741253,198.78450812424535
Topic 28,1992,1.8223398156309705,165.44789402688014
Topic 28,1993,3.226011067853148,244.7613864067303
Topic 28,1994,1.3867780467256494,130.10631386020853
Topic 28,1995,1.986246737104839,164.73135621368843
Topic 28,1996,1.2269005821313153,88.89306924647686
Topic 28,1997,1.018040702590849,106.4118575206851
Topic 28,1998,1.842648933787131,165.36191409032298
Topic 28,1999,2.216753569672847,198.2529016817265
Topic 28,2000,1.0152151451463123,64.34196705212831
Topic 28,2001,1.5425680279075706,128.97843403531425
Topic 28,2002,0.8056344957532887,82.25860666316339
Topic 28,2003,1.1700773067999717,99.24411768543216
Topic 28,2004,1.4388478030455794,112.75099370400827
Topic 28,2005,1.0663614434870632,113.74173527503251
Topic 28,2006,1.3162036275101447,117.6814242773019
Topic 28,2007,0.8701916616627132,62.223835966861
Topic 28,2008,1.3270901223169718,111.39386884719808
Topic 29,1978,3.382191767799098,233.23011923927896
Topic 29,1979,1.1126779618025917,70.99796039306432
Topic 29,1980,1.428255463381547,103.56450819324998
Topic 29,1981,0.7158781533167007,47.85518787666287
Topic 29,1982,1.7455126975448632,107.39071007425427
Topic 29,1983,2.0723577193110785,141.15590823086998
Topic 29,1984,1.8990576073721628,139.48193032720496
Topic 29,1985,1.953320999827202,131.9821017761334
Topic 29,1986,0.9659905912234583,82.35348323303646
Topic 29,1987,1.3866237078757209,88.49742054644005
Topic 29,1988,0.20515252154864033,14.800005240087131
Topic 29,1989,0.9195351464015677,70.83243121430623
Topic 29,1990,1.4014689677512755,102.40377333623563
Topic 29,1991,1.598089898182842,129.16118028785257
Topic 29,1992,0.8963843038005161,88.52735987577438
Topic 29,1993,1.8981795733990459,192.99178366915368
Topic 29,1994,2.002029124041017,127.61302644392089
Topic 29,1995,1.7766100783280077,171.03295456934825
Topic 29,1996,0.9120396856795476,65.73951198246534
Topic 29,1997,0.20416138992180888,19.498610135979483
Topic 29,1998,1.0650495404805507,97.08425569196513
Topic 29,1999,1.387418288756275,110.24106077034416
Topic 29,2000,0.7370917599155269,61.80754537997734
Topic 29,2001,1.0059754539266783,80.94973911432255
Topic 29,2002,1.7647704847523737,166.8628616931456
Topic 29,2003,1.0218706018536534,108.20793883205565
Topic 29,2004,0.6843668873360798,61.376989305026555
Topic 29,2005,1.989318101201375,176.9971378156329
Topic 29,2006,1.4350344673943387,161.45648989463012
Topic 29,2007,1.3005392700232012,111.91454895457834
Topic 29,2008,0.7628694988277236,89.70500327156904
